Actual Price,Predicted Price
2165000.0,1602219.1
815000.0,863136.9
610000.0,716244.7
1245000.0,1194400.2
1160000.0,1035582.56
1250000.0,1336327.0
715000.0,729234.0
812000.0,804050.1
750500.0,791726.8
610000.0,539609.44
1210000.0,1596396.1
451500.0,658796.7
2800000.0,2315536.5
1641000.0,1239333.6
1185000.0,995014.8
540000.0,466216.22
2000000.0,1315979.1
1861000.0,1985630.8
600000.0,597499.5
841000.0,846962.6
1000000.0,929554.44
950000.0,1027442.75
1925000.0,1279612.9
794000.0,1060936.0
700000.0,831160.44
655000.0,670362.4
650000.0,585331.2
670000.0,1105892.9
1390000.0,1641142.4
1100000.0,909063.44
800000.0,1046110.8
970000.0,932957.44
1085000.0,993458.56
1250000.0,1094062.1
2800000.0,2185651.5
700000.0,1090752.6
575000.0,692393.3
1482500.0,1139114.0
1020000.0,812852.4
985000.0,1062283.6
522500.0,612945.75
2325000.0,1937368.8
1830000.0,1128844.8
670000.0,596433.0
1300000.0,1529310.1
1915000.0,2046879.1
840000.0,754838.75
280000.0,454252.0
998000.0,933996.3
1700000.0,1125901.1
1205000.0,1111698.5
480000.0,687688.94
2800000.0,2597482.8
876000.0,1076664.5
705000.0,781052.9
1585000.0,1491513.6
350000.0,620980.8
910000.0,1169658.2
530000.0,648338.3
1020000.0,860605.1
675000.0,680328.7
1292000.0,1421489.5
460000.0,538752.94
1605000.0,1604041.0
725000.0,800551.06
992000.0,1247285.8
2515000.0,2265490.5
1590000.0,1166008.2
776000.0,920852.56
450000.0,537107.25
990000.0,1068936.4
601000.0,788691.9
975000.0,1473500.5
1011000.0,932802.0
600000.0,1375522.6
935000.0,920011.7
1630000.0,926321.75
4400000.0,3238291.8
1216000.0,1520371.4
1010000.0,825778.44
380000.0,380400.28
860000.0,1068888.1
1560000.0,1558286.4
1240000.0,619496.4
370000.0,903237.06
2075000.0,2624875.5
445000.0,504779.28
1250000.0,743953.5
1480000.0,1242593.1
2300000.0,1866748.0
1475000.0,1553276.6
1262000.0,1793432.9
1430000.0,1315822.8
2450000.0,2572287.8
470000.0,445734.94
1410000.0,991353.56
432000.0,476342.84
2258000.0,2751025.2
700000.0,709836.75
615000.0,483921.94
360000.0,535463.1
710000.0,827441.4
770000.0,795268.75
1900000.0,1687652.8
981000.0,934666.4
470000.0,635985.1
2285000.0,1735392.2
503000.0,626242.5
1328000.0,1301579.1
790000.0,958483.2
1780000.0,1473814.2
400000.0,688785.8
1550000.0,1442346.1
990000.0,1124093.8
911000.0,952257.25
2330000.0,1378302.2
1750000.0,1699969.1
1360000.0,632958.56
1346000.0,1389914.0
790000.0,741952.3
1325000.0,1520464.8
1054000.0,1096058.1
570000.0,740598.94
571750.0,478172.25
600000.0,664078.6
1300000.0,1312967.0
335000.0,402998.62
400000.0,506658.03
3778000.0,2534417.2
1500000.0,1325782.2
780000.0,1114831.6
320000.0,431324.7
1208000.0,1221406.0
1055000.0,1298398.9
1450000.0,1821144.9
480000.0,527175.8
2444000.0,2530260.0
570000.0,582703.06
1470000.0,1129408.9
1530000.0,1312671.6
770000.0,652688.3
1420000.0,1403879.4
1391000.0,1176949.1
1800000.0,1670954.4
611000.0,671887.5
1005000.0,1095870.8
1410000.0,1319288.4
2000000.0,1649737.2
1120000.0,964154.75
845000.0,947716.7
625000.0,629274.3
672000.0,616170.75
1960000.0,1615696.1
447000.0,753357.2
625000.0,570758.06
1258000.0,1301102.1
690000.0,634470.0
580000.0,643159.6
763000.0,800769.44
1000000.0,1031649.6
900000.0,1223489.4
1810000.0,1444449.5
541000.0,480213.3
600000.0,641058.2
1450000.0,2033360.1
290000.0,390999.97
950000.0,892685.3
840000.0,893432.06
1640000.0,1801324.9
500000.0,530598.94
837000.0,884707.7
1495000.0,1485376.8
1055000.0,1253768.0
565000.0,528560.7
610000.0,788375.9
1950000.0,1918825.6
668000.0,747234.44
1300000.0,1502746.9
810000.0,955311.9
875000.0,1077624.5
1515000.0,1498296.2
1315000.0,1465113.8
1090000.0,1173744.8
771000.0,717828.4
710000.0,604957.7
930000.0,2357436.2
670000.0,846535.0
1003500.0,1303448.2
2300000.0,2125027.8
1680000.0,2074477.6
1050000.0,814578.6
597000.0,717809.2
1260000.0,1090665.6
1910000.0,2132654.5
455000.0,591394.56
1572000.0,2144262.8
842000.0,865428.4
1050000.0,1145302.9
475000.0,544682.3
1435000.0,1178669.6
1494000.0,1111481.4
590000.0,670488.1
715000.0,638475.06
1055000.0,1161044.2
2585000.0,1360131.5
841000.0,1134146.2
1100500.0,1042616.94
3280000.0,2462715.8
2265000.0,2564256.8
860000.0,779714.75
490000.0,420437.22
1210000.0,1604068.2
1790000.0,1232059.6
430000.0,606308.94
650000.0,739143.2
830000.0,900578.9
1805000.0,1708232.8
1171000.0,876694.8
692500.0,882665.1
667000.0,845451.2
780000.0,786456.75
656000.0,665791.25
802000.0,834923.1
778500.0,657898.75
1750000.0,1084630.8
861000.0,914946.75
474000.0,511534.62
1480000.0,1384535.6
1217500.0,911677.0
765500.0,755876.75
923000.0,920916.5
720000.0,1413381.5
1480000.0,1653546.6
740000.0,786340.7
340000.0,409267.72
1023000.0,1016368.7
570000.0,732059.7
3450000.0,2146596.8
387000.0,430424.28
1050000.0,1149072.8
1500000.0,1260080.1
365000.0,504419.9
540000.0,540228.4
687000.0,560212.44
1950000.0,2060560.4
1320000.0,1622433.1
272500.0,346601.2
920250.0,970294.3
615000.0,695251.06
1760000.0,1253886.9
855000.0,925256.94
1540000.0,1712955.4
1248500.0,998115.2
753000.0,810035.4
1025000.0,1001611.6
625000.0,603536.9
920000.0,828188.94
1440000.0,1139029.5
918000.0,1247550.0
400000.0,533818.56
1214000.0,1097024.1
993000.0,1050592.0
650000.0,928624.75
1030000.0,714580.25
550000.0,725810.3
1545000.0,1434764.1
1710000.0,1854371.2
1000000.0,1117869.2
1420000.0,1511786.1
450000.0,447337.88
965000.0,957750.7
518000.0,538644.3
801000.0,975775.7
1100000.0,1092726.4
1017500.0,826271.4
735000.0,804395.44
801000.0,1030978.3
740000.0,903853.25
450000.0,542819.2
1510000.0,1271981.0
710000.0,834831.6
1600000.0,1402836.0
1300000.0,836244.4
1065000.0,884720.25
1271000.0,1061592.2
2588000.0,1733139.4
1550000.0,1697394.8
680000.0,748504.7
430000.0,631806.2
1053000.0,1246222.4
1120000.0,947692.3
1370000.0,1383620.2
758000.0,869258.56
395000.0,517445.66
1506000.0,1213371.8
1330000.0,1119925.1
490000.0,579866.44
794000.0,629145.9
1205000.0,1586255.0
4700000.0,2788392.0
580000.0,597415.9
570500.0,758861.56
1910000.0,1865489.4
2250000.0,2439945.8
877500.0,775919.5
1000000.0,1300257.0
830000.0,656225.6
522000.0,521893.22
1500000.0,1565685.6
635000.0,744258.2
745000.0,821991.2
1125000.0,1385470.4
1240000.0,1033836.94
850000.0,993772.56
950000.0,968981.06
1430000.0,1722444.8
1475000.0,1141756.9
2000000.0,2038003.5
752500.0,872528.7
1537000.0,1554427.5
880000.0,1018288.2
1555000.0,1628898.8
655250.0,569375.8
435000.0,417304.53
930000.0,889076.8
360000.0,556082.1
1440000.0,1483331.5
980000.0,906233.1
453350.0,677662.56
450000.0,502417.0
1080000.0,1011191.56
3110000.0,3206470.5
500000.0,458229.25
2000000.0,2064683.9
599000.0,648775.06
500000.0,629723.7
1520000.0,1025253.6
735000.0,794885.94
2170000.0,2384739.5
640000.0,719723.7
1650000.0,1818359.6
585000.0,838202.3
1350000.0,1177151.9
770000.0,695921.94
866000.0,746959.6
930000.0,936421.56
865000.0,1149868.0
627000.0,799165.8
1250000.0,947724.9
2810000.0,2463001.0
800000.0,872877.25
1070000.0,1085833.0
1400000.0,1735403.6
560000.0,782985.44
1240000.0,1081102.2
1715000.0,1945384.4
980000.0,1014854.44
1650000.0,1717357.4
910000.0,945139.1
855000.0,776044.9
640000.0,715968.7
1510000.0,1415399.9
950000.0,1149661.2
922000.0,892023.94
732500.0,632028.06
2905000.0,1945682.9
645000.0,766396.3
1270000.0,1203486.0
690000.0,882257.2
650000.0,638487.2
640000.0,705777.94
1100000.0,1102653.6
880000.0,1013584.44
725000.0,685850.3
1072000.0,1210426.2
1720000.0,1345414.5
1450000.0,1476073.5
492000.0,716824.4
500000.0,524922.1
1875000.0,1762446.2
1650000.0,1457307.1
790000.0,780167.6
340000.0,537424.75
525000.0,511288.38
1676000.0,1254051.5
1900000.0,1833141.0
680000.0,663772.56
1635000.0,1239413.0
961000.0,940375.06
577000.0,477597.66
811000.0,933385.3
1875000.0,1315964.0
960000.0,937499.6
1210000.0,1356588.2
1500000.0,1597175.9
380000.0,505933.88
1250000.0,1287099.8
906000.0,1204967.4
860500.0,829507.4
752000.0,784224.5
916000.0,764356.7
780000.0,821217.56
2950000.0,3566760.2
1214000.0,1281173.8
1710000.0,2255614.0
1510000.0,1283342.4
2440000.0,2456718.0
822000.0,598136.3
503000.0,526048.75
637000.0,786896.94
504000.0,555833.25
855000.0,1117627.9
690000.0,719426.94
703000.0,732042.7
1030000.0,1183788.8
567000.0,652965.4
800000.0,757464.5
640000.0,668356.0
760000.0,801827.56
861000.0,1052869.8
681000.0,926667.06
881100.0,930908.6
1331000.0,1346199.5
1100000.0,1902094.0
1035000.0,1241237.0
598000.0,649906.3
488000.0,656653.25
1221000.0,1289467.9
800000.0,785746.0
1072000.0,1326951.1
373000.0,482465.2
515000.0,639602.3
571000.0,542689.94
657000.0,705449.1
750000.0,830250.94
770000.0,735997.25
790000.0,987333.0
1700000.0,1755123.2
840000.0,968638.94
1090000.0,1053733.2
870000.0,848725.4
1460000.0,1329958.8
602500.0,741469.56
1075000.0,1104825.6
1165000.0,1468177.2
1305000.0,1795573.4
690000.0,1007364.0
1065000.0,1048495.3
575000.0,780437.94
1350000.0,1823349.1
940500.0,1028063.2
1820000.0,2137108.2
890000.0,1310936.5
2210000.0,1377653.6
962000.0,1119315.8
605000.0,695145.5
431000.0,477084.78
753000.0,794869.3
1200000.0,1167228.9
1908000.0,1915288.6
1819000.0,1825021.9
3300000.0,1897034.0
1140000.0,1157324.6
705000.0,612739.8
1218500.0,932005.4
670000.0,784767.94
935000.0,928372.9
4050000.0,2582314.8
760000.0,856983.06
737500.0,764102.7
1148000.0,1192137.1
1880000.0,2318881.8
585000.0,544154.2
680000.0,531330.5
1507000.0,1380896.2
995000.0,965171.56
1140000.0,1023959.8
780000.0,1037189.5
580000.0,750338.5
210000.0,320951.66
800000.0,830040.56
598000.0,567208.4
700000.0,672267.75
1420000.0,1356344.5
1320000.0,1836339.2
1430000.0,1247289.1
495000.0,653079.6
918000.0,1047910.3
1290000.0,1059607.1
420000.0,567177.75
2215000.0,3014730.2
766000.0,820012.1
990000.0,1217667.2
1050000.0,2197492.8
1100000.0,1200191.5
551000.0,572522.8
770000.0,903362.2
907800.0,904773.4
767000.0,867377.1
1617000.0,1750787.2
1202000.0,1176396.8
1320000.0,1434461.9
800000.0,1079245.6
410000.0,627800.5
1617000.0,1501264.6
670000.0,699968.0
560000.0,624873.4
1000000.0,1164784.5
545000.0,502436.47
380000.0,575499.25
731000.0,767298.56
1200000.0,1222408.6
1831000.0,1530079.1
994000.0,1503877.6
1667000.0,1611327.0
830000.0,661016.75
555000.0,643119.5
1950000.0,2157122.8
1375000.0,1179024.1
920000.0,786863.56
1500000.0,1408075.2
810000.0,806906.44
715000.0,670821.7
2260000.0,2314832.8
2185000.0,895049.75
655000.0,757970.2
641500.0,779289.7
485000.0,408012.47
690500.0,807252.0
582000.0,584095.6
1285000.0,1012413.8
2520000.0,2254915.5
300000.0,1074292.0
405000.0,479396.53
970000.0,977358.7
975000.0,861656.44
1962000.0,1409794.6
1150000.0,1231823.9
1800000.0,2731133.8
479500.0,658704.2
851000.0,995607.3
450000.0,556793.25
610000.0,718539.9
851000.0,953728.9
1220000.0,1055746.1
1600000.0,1388759.9
610000.0,529851.5
458000.0,530360.8
1001000.0,1351720.6
1255000.0,1310439.2
980000.0,1495957.4
1030000.0,1033220.5
827500.0,1466279.0
1035000.0,1173345.2
480000.0,578914.9
555000.0,658886.1
600000.0,616346.0
1400000.0,820207.75
730000.0,944806.9
1652000.0,1445544.1
1025000.0,842575.06
2000000.0,1877636.5
480000.0,430024.94
675000.0,685558.25
930000.0,919321.25
900000.0,1005469.9
1120000.0,838807.6
975000.0,1088712.1
675000.0,803191.56
1350500.0,954656.9
1700000.0,1453086.0
530000.0,486440.25
690000.0,708936.3
921000.0,895577.8
955000.0,1199222.4
705000.0,585443.3
496000.0,722652.0
831000.0,804920.7
500000.0,538218.1
850000.0,1395188.8
472500.0,661396.1
1100000.0,1284870.2
770000.0,636403.7
1013000.0,832754.06
1212500.0,1925951.2
450000.0,599959.7
2810000.0,1656897.0
595000.0,669460.5
510000.0,648831.4
915000.0,1000739.1
1450000.0,1400505.5
995000.0,1400753.0
900000.0,884033.94
547000.0,604393.44
1535000.0,1475844.5
1580000.0,1922162.6
793000.0,878971.8
770000.0,638018.06
1005000.0,989818.6
640000.0,749371.9
430000.0,485520.8
1400000.0,1602593.4
642000.0,810502.7
1910000.0,1830751.8
740000.0,871986.8
1702000.0,1886925.2
380000.0,428468.75
2123000.0,2325247.5
850000.0,1076128.6
750000.0,925725.9
890000.0,1106920.0
850000.0,875569.6
800000.0,1042174.75
1160000.0,1115330.4
702000.0,869017.2
1200000.0,1244139.8
820000.0,653378.3
802000.0,937539.44
520000.0,777360.94
900000.0,778399.7
1250000.0,1132632.2
1900000.0,1593608.8
1100000.0,935315.94
610000.0,657105.4
1700000.0,909630.9
687000.0,716107.4
2050000.0,1680484.1
570000.0,744047.5
880000.0,847866.9
1426000.0,1422428.5
1126000.0,1221535.5
465000.0,603735.75
670000.0,832932.94
2000000.0,2855757.8
575000.0,667048.94
980000.0,1053841.2
1460000.0,1438051.0
1750000.0,2455189.0
2350000.0,2792376.8
735000.0,923096.0
855000.0,1102699.5
950000.0,1030006.0
875500.0,848022.75
630000.0,643756.7
1040000.0,1182597.1
1031100.0,796491.56
2920000.0,2218900.8
575500.0,606458.3
1090000.0,1259383.9
665000.0,775781.6
342000.0,431596.6
1200000.0,1044027.1
560000.0,527710.0
891000.0,1229875.8
1085000.0,895363.8
775000.0,607607.1
1402500.0,1544616.6
1267000.0,1375825.2
967000.0,925868.44
710000.0,656644.3
685000.0,825563.8
2710000.0,1902431.2
815000.0,748651.2
792500.0,800599.1
720000.0,744884.75
1782800.0,1771101.9
2450000.0,3185398.0
558500.0,561955.7
825000.0,896336.75
1080000.0,1077257.0
805000.0,1097434.8
1955000.0,1409255.9
1300000.0,1132000.8
1515000.0,1287368.8
2000000.0,872714.0
877500.0,1041070.75
1305000.0,895900.56
1050000.0,1764228.6
920000.0,896409.7
1910000.0,1996266.1
802000.0,693731.56
1035000.0,1083591.0
1610000.0,1208799.5
990000.0,913550.8
370000.0,493668.47
823000.0,1191115.0
400000.0,547984.2
3275000.0,1819773.1
2300000.0,1535552.8
1130000.0,1111459.8
1655000.0,1559899.6
380000.0,478169.72
1510000.0,1625298.0
645000.0,581333.4
2500000.0,2492188.8
682000.0,852466.44
1176000.0,1176093.2
360000.0,450148.06
800000.0,952508.56
1506000.0,1348110.2
1105000.0,1180391.0
1530000.0,1219705.9
1700000.0,929673.6
1074000.0,1528392.2
660000.0,735891.6
1172000.0,1309328.0
650000.0,846172.2
1100000.0,990880.0
896000.0,1437572.9
715000.0,765786.56
1375000.0,1313603.8
1800000.0,1899401.9
730000.0,686415.3
1775000.0,2114827.0
885000.0,1139042.5
1400000.0,1347509.6
2116000.0,1735309.9
520000.0,698980.4
620000.0,660298.6
2575000.0,2355709.8
265000.0,322333.72
1820000.0,1596566.1
1126000.0,1338375.9
650000.0,554743.2
841000.0,731374.5
1652500.0,1530665.8
930000.0,1457785.4
1000000.0,965850.3
582000.0,584303.75
876000.0,837195.75
690000.0,697223.6
665000.0,665214.94
740000.0,765575.9
675000.0,788135.25
560000.0,583053.94
2200000.0,1617328.6
4100000.0,2599370.8
1500000.0,1633752.8
745000.0,891314.4
545000.0,708363.5
895000.0,842062.06
745000.0,874322.94
1301000.0,1493190.6
920000.0,975939.2
1100000.0,809229.5
585000.0,670648.1
695000.0,569428.25
2000000.0,1897888.9
545000.0,661732.1
2775000.0,1863280.4
630000.0,755685.06
479000.0,546378.1
300000.0,358126.94
326500.0,901331.5
1350000.0,1246502.8
1960000.0,2306116.5
593000.0,574100.56
430000.0,589549.4
770000.0,681368.1
1230000.0,1202063.5
755000.0,826367.1
815000.0,868026.8
765000.0,796173.7
835000.0,987867.3
2100000.0,1789379.9
1105000.0,930471.06
720000.0,654105.3
480000.0,485593.16
680000.0,962836.9
805000.0,901756.75
970000.0,953205.56
1100000.0,1206470.0
970000.0,1188329.6
585000.0,608248.1
702000.0,832359.1
1280000.0,1090818.6
515501.0,389389.44
1395000.0,1383160.0
465000.0,488585.78
1955000.0,1523803.1
314000.0,479952.5
741000.0,655424.44
855000.0,804256.56
931000.0,1031319.0
830000.0,967384.6
810000.0,847494.7
930000.0,903943.6
1630000.0,1063940.2
1510000.0,942953.8
1080000.0,1183900.9
1361000.0,1473026.8
550000.0,577517.56
656000.0,515790.12
630000.0,760472.5
1761000.0,2027986.6
845500.0,992428.3
766000.0,687017.7
625000.0,577121.0
1275000.0,1356795.5
700000.0,763696.9
1326000.0,1606009.1
1300000.0,653197.6
511500.0,553078.5
1210000.0,996215.2
1561000.0,1427232.6
1200000.0,1231174.0
1670000.0,1585039.2
913000.0,654449.6
1185000.0,1205681.5
887000.0,765848.06
1760000.0,1282592.5
1342000.0,1576228.2
1215000.0,1402336.4
400000.0,454312.1
1610000.0,1533267.8
1495000.0,1904773.0
515500.0,566235.94
731000.0,870443.44
1365000.0,1484635.1
987000.0,1144851.4
980000.0,977429.7
750000.0,956169.3
350000.0,439665.4
560000.0,678967.94
1015000.0,918833.1
2310000.0,2015256.6
475000.0,675231.06
388000.0,462726.4
690000.0,1199007.1
923000.0,914935.94
1440000.0,1761104.8
670000.0,887319.5
1390000.0,1293574.5
1150000.0,1067798.5
1170000.0,1159805.4
635000.0,704220.6
1110000.0,1144826.5
1615000.0,1270986.4
1336000.0,1150171.5
530000.0,620804.3
2100000.0,1480729.1
557000.0,567070.1
3200000.0,2789088.2
930000.0,1159215.1
1742000.0,2226593.8
1680000.0,1220013.8
1076000.0,1026827.6
1890000.0,1245390.9
900000.0,744875.44
955000.0,1152134.0
835000.0,1129732.5
2320000.0,2205487.5
505000.0,915375.7
750000.0,862509.94
1270000.0,1138922.9
2855000.0,2339232.0
970000.0,1015674.3
1300000.0,1790002.6
410000.0,462407.0
610000.0,753480.94
1015000.0,917981.4
1670000.0,1711142.1
1220000.0,1168608.8
1315000.0,1032702.25
1931000.0,1701000.8
1400000.0,1454471.8
1275000.0,1052357.0
890000.0,736545.2
1265000.0,1191052.0
1574000.0,1517738.5
3180000.0,2180933.8
1400000.0,968851.94
560000.0,558501.75
1055000.0,1032702.6
480000.0,616033.2
830000.0,972707.06
850000.0,798585.56
1730000.0,1547144.9
420000.0,567258.75
746000.0,627444.7
3520000.0,1392507.6
545000.0,455676.53
1855500.0,2356454.0
270000.0,475407.3
1260000.0,1245449.0
980000.0,1131878.6
890000.0,685205.06
685000.0,1004404.6
2800000.0,2917045.8
396000.0,413289.22
365000.0,520559.1
865000.0,1153154.6
1715000.0,1112329.8
335000.0,344031.25
918000.0,883740.3
752500.0,1040092.4
1640000.0,1436766.9
722000.0,720181.0
561000.0,544133.44
451500.0,504016.62
1070000.0,1111386.9
520000.0,540859.75
1025000.0,898142.9
866000.0,882755.25
2525000.0,1744100.4
1070000.0,1347748.6
558000.0,822097.7
600000.0,669759.0
1005000.0,962865.6
985000.0,1113327.1
840000.0,860482.75
904000.0,925094.6
2800000.0,2509215.2
1080000.0,1289195.8
1920000.0,1906736.5
3600000.0,2588879.2
1323000.0,1130700.4
660000.0,576670.3
634000.0,597028.5
1422000.0,1527637.5
683000.0,687530.4
480000.0,673350.4
775000.0,835639.0
670500.0,780288.9
665000.0,721026.56
1335000.0,707845.1
2250000.0,1994685.9
3000000.0,2399654.5
326000.0,484049.44
724000.0,769227.9
260000.0,344289.06
1900000.0,1872056.5
821000.0,780685.6
605000.0,587127.06
1185000.0,1383083.8
532000.0,705440.06
595000.0,499511.97
628000.0,590254.3
700000.0,891806.7
626800.0,695591.56
760000.0,804732.06
770500.0,816400.75
1220000.0,1218209.4
1082000.0,1112269.2
1230000.0,1038057.94
650000.0,711086.25
330000.0,454269.5
1805000.0,2165215.5
528000.0,581123.75
1450000.0,1560903.1
947000.0,1448650.4
616000.0,714288.4
1050000.0,1204767.5
2005000.0,1728043.4
325000.0,486134.72
1360000.0,1196710.4
599000.0,639881.4
720000.0,666348.75
1124000.0,1209900.9
895000.0,775427.56
485000.0,534111.75
1074000.0,915213.44
790000.0,905700.44
2000000.0,2034326.2
1410000.0,1341861.1
1110000.0,1158275.4
515000.0,587938.9
2550000.0,2366438.0
1300000.0,1066742.4
1500000.0,2278287.5
572000.0,627595.25
602000.0,711301.75
3550000.0,2942218.5
750000.0,1038673.06
1290000.0,1253029.2
1185000.0,1313169.9
2221000.0,1399732.0
842000.0,1085508.4
1250000.0,1017788.56
1700000.0,1683393.1
725000.0,662522.4
655000.0,978231.06
445000.0,494136.8
817000.0,728665.3
1750000.0,1541482.5
1450000.0,1183646.8
751000.0,887053.3
514000.0,705380.0
657000.0,737597.44
772500.0,794069.75
1500000.0,1625237.2
1350000.0,2071649.5
791000.0,772611.7
1600000.0,1524450.5
570000.0,466942.34
1145000.0,970978.94
650000.0,906356.06
1301000.0,1529623.9
865000.0,922081.3
510000.0,537792.2
1925000.0,2363100.2
1780000.0,1792693.0
2600000.0,2187500.2
2365000.0,1846222.1
740000.0,699099.5
1370000.0,1344374.9
601000.0,531969.8
1820000.0,1789403.1
1160000.0,1591852.9
690000.0,818449.9
1555000.0,1346128.9
786000.0,1136147.6
1900000.0,1636653.1
2125000.0,2130114.0
710000.0,630656.2
660000.0,663515.75
868000.0,871905.9
520000.0,516054.4
470000.0,520893.88
575000.0,640474.1
800000.0,813623.2
1875000.0,2047029.5
780000.0,927702.9
855000.0,954028.25
800000.0,971736.9
890000.0,863357.7
480000.0,590696.44
1609000.0,2185684.8
970000.0,1116821.5
1635000.0,1725311.0
981000.0,2025584.0
932000.0,781294.25
1500000.0,1330287.8
1505000.0,1417608.1
1815000.0,1245627.9
605000.0,542975.25
612500.0,660236.8
920000.0,804605.2
450000.0,487516.03
1605000.0,1470883.9
2050000.0,1429127.5
5600000.0,3382385.2
716000.0,683616.9
1102000.0,1225850.1
535000.0,470131.84
700000.0,895189.5
427500.0,510385.34
386000.0,494619.28
850000.0,846523.25
691000.0,764854.25
791000.0,902111.44
1900000.0,2015607.1
540000.0,587962.94
655000.0,654217.9
785000.0,545233.25
290000.0,619471.06
720000.0,980787.7
480000.0,641289.56
618350.0,621519.4
955000.0,1315348.6
1476000.0,1890595.5
647000.0,630903.94
1500000.0,952397.94
1365000.0,1530540.0
1690000.0,2081143.0
450000.0,609099.7
1037500.0,1111647.8
775000.0,796905.44
895000.0,843817.8
750000.0,821192.9
1627000.0,939889.1
599000.0,716014.4
820000.0,879848.4
1470000.0,915623.9
791000.0,1356655.4
1315000.0,1755516.1
980000.0,1097386.4
630000.0,732731.56
1470000.0,1196477.1
975000.0,1101078.9
780000.0,853557.75
1850000.0,1318305.9
845000.0,1061690.8
575500.0,887010.25
720000.0,824100.6
1785000.0,1500333.8
1900000.0,1765611.4
1000000.0,962124.1
1500000.0,1433266.0
440000.0,469583.8
660000.0,616149.3
1800000.0,2042737.9
705000.0,621566.94
835500.0,1678649.1
750000.0,840199.3
1710000.0,1413379.5
1100000.0,958173.25
1325000.0,1389841.5
1255000.0,1240760.1
537000.0,649655.0
521500.0,432163.5
515000.0,801744.6
888000.0,862076.7
825000.0,1022871.25
1725000.0,1219194.5
1235000.0,1147522.4
700000.0,397941.97
660000.0,705040.6
549500.0,557011.25
820000.0,1259186.5
1420000.0,1282813.1
1510000.0,2279623.8
950000.0,1100526.6
900000.0,902933.0
1370000.0,1271481.2
452000.0,440104.06
640000.0,687238.1
575500.0,654214.8
1750000.0,2057718.0
1520000.0,1757507.0
1080000.0,1578846.4
655000.0,786707.1
3335000.0,2157558.0
961000.0,1113556.1
1296000.0,888462.75
1620000.0,1622605.4
850000.0,743487.3
1020000.0,1318905.1
1797000.0,1984141.0
1010000.0,1173411.8
501000.0,607053.8
715000.0,791542.56
769000.0,992134.8
390000.0,495146.0
530000.0,591677.56
600000.0,764164.7
1070000.0,917459.3
440000.0,570070.25
805000.0,667265.3
330000.0,410537.75
1001000.0,975335.44
795000.0,861153.6
816000.0,1007426.9
1051000.0,863844.2
680000.0,702981.2
645000.0,658752.56
490000.0,508814.9
1350000.0,1650071.2
675000.0,665665.0
1362000.0,1167901.2
480000.0,488367.9
1270000.0,1427627.2
900000.0,673178.6
1976000.0,2408674.5
650000.0,639759.8
895000.0,1027141.4
911982.0,878407.9
790000.0,790415.0
1300000.0,1491391.8
450000.0,428960.97
1415000.0,1427069.5
1160000.0,1100164.6
526000.0,489995.66
346000.0,550563.4
620000.0,654118.1
1790000.0,1967379.9
500000.0,551324.7
560000.0,662510.44
781500.0,939283.56
2600000.0,2202427.8
536000.0,619414.9
891000.0,1483941.2
930000.0,995382.9
1750000.0,1654474.2
1330000.0,1422308.9
360000.0,532268.9
1891000.0,2007021.9
1340000.0,836590.06
510000.0,660630.25
400000.0,496833.1
1600000.0,1644574.5
640000.0,1043609.5
670000.0,618621.4
1015000.0,1481593.4
1410000.0,1240071.9
2100000.0,1468326.1
1430000.0,1398072.5
677000.0,1109430.2
935000.0,906220.44
1880000.0,1533359.6
1256000.0,917348.9
693000.0,688795.1
460000.0,590636.25
995000.0,894926.25
600000.0,656941.44
370000.0,474956.22
440000.0,416858.78
613000.0,847876.6
895000.0,1085871.0
1587500.0,1614470.9
468000.0,544720.8
825000.0,951411.06
2450000.0,2678197.5
1785000.0,1555574.2
583000.0,948777.25
935000.0,944707.06
616000.0,727834.0
1360000.0,1554377.9
1557000.0,1493531.1
3400000.0,2945362.8
822000.0,787487.44
1143000.0,1009392.94
614000.0,875913.9
561000.0,636894.4
1800000.0,2125579.5
1450000.0,761169.94
2200000.0,2077196.5
1100000.0,575712.8
1170000.0,926619.44
1290000.0,1463484.2
1291000.0,1208862.1
470000.0,504921.6
720000.0,1063614.9
544500.0,737883.0
866000.0,849119.5
275000.0,421608.03
587000.0,665054.1
1611000.0,1528962.1
4011000.0,2356314.5
1410000.0,1723322.1
1450000.0,1120917.4
585000.0,573879.2
550000.0,520369.53
631000.0,680629.2
1000000.0,965951.7
906000.0,998518.6
646000.0,556015.1
695000.0,842027.7
880000.0,952079.75
813000.0,869223.2
1310000.0,1219613.9
420000.0,545542.06
1625000.0,1590996.2
920000.0,1104402.8
710000.0,734411.56
2513000.0,2464556.0
1300000.0,1504642.8
420000.0,613288.3
1225000.0,1179233.4
1060000.0,1141795.2
570000.0,611075.4
815000.0,650615.94
870000.0,779080.25
650000.0,722842.4
2830000.0,2082395.1
743000.0,672241.94
372000.0,426915.0
1105000.0,994559.7
460000.0,539940.7
850000.0,1281170.1
995000.0,974169.2
380000.0,356782.72
725000.0,1207673.8
1830000.0,1761526.8
700000.0,1211231.9
540000.0,586627.0
805000.0,641012.75
425000.0,503841.2
1300000.0,1472300.2
2090000.0,1872365.9
755000.0,1070446.1
740000.0,566887.06
495000.0,500464.97
740000.0,866948.9
615000.0,613822.25
1505000.0,1573032.8
770000.0,883018.9
550000.0,634548.5
1710000.0,1064315.4
1820000.0,1649586.2
1415000.0,1449979.9
967500.0,1227390.5
1400000.0,1245637.5
812000.0,550901.4
800000.0,981153.7
981000.0,939879.1
1875000.0,1817392.9
800000.0,729768.44
1678000.0,1702170.0
720000.0,868078.75
833800.0,847168.56
2035000.0,1492814.2
1075000.0,1093160.8
900000.0,788208.25
790000.0,767462.94
690000.0,660485.06
1855000.0,1772239.8
1050000.0,1346077.6
1400000.0,880820.7
1100000.0,736171.25
1370000.0,1582193.1
604000.0,532712.2
1990000.0,1386736.4
427500.0,682902.06
1255000.0,1378518.2
435000.0,540737.5
2840000.0,2594921.5
586500.0,713976.0
2600000.0,2307464.8
680000.0,841145.9
682000.0,779762.0
1185000.0,1271817.9
510000.0,965991.7
716000.0,765889.4
1470000.0,1094233.8
555000.0,669304.44
615000.0,578003.25
682000.0,778598.6
2225000.0,1915967.8
650000.0,689946.06
5050000.0,3459995.5
1705000.0,1302230.0
980000.0,934477.56
1630000.0,1183394.8
1510000.0,1252959.2
1206000.0,1408043.9
1660000.0,1684962.5
2115000.0,2219647.8
412250.0,487843.12
767000.0,625466.3
828000.0,914034.5
710000.0,662793.2
1330000.0,1446857.2
1200000.0,1501667.1
820000.0,941045.06
1575000.0,1202427.6
655000.0,879215.06
1125000.0,957519.8
690000.0,925595.75
730000.0,659114.1
890000.0,1027924.9
1680000.0,1712544.0
1300000.0,1483661.0
1460000.0,1472102.5
1101000.0,889436.06
515000.0,648939.9
638000.0,661366.75
2635000.0,2526887.0
525500.0,554927.5
988000.0,857051.2
482000.0,491246.5
2350000.0,1891423.2
1910000.0,1711076.5
535000.0,641783.44
880000.0,788421.75
844000.0,757226.75
405000.0,431285.03
1980000.0,2408505.0
1600000.0,1825996.6
750000.0,795183.9
1300000.0,1131109.5
650000.0,737454.6
906000.0,901122.8
925000.0,1092665.8
800000.0,986131.44
2525000.0,1674983.9
383000.0,512527.03
910000.0,944128.1
1400000.0,1675496.6
910000.0,1014801.44
880000.0,837756.94
2150000.0,2648883.2
3325000.0,1860625.1
900000.0,909051.44
1790000.0,1767531.9
945000.0,919448.75
620000.0,762059.44
665000.0,714074.44
2168000.0,2052190.2
1406000.0,1125264.4
3000000.0,2539453.2
860000.0,1081827.5
1290000.0,1089629.6
1000000.0,857407.8
1191000.0,1243748.0
1425000.0,1588071.2
510000.0,757753.0
516000.0,476785.62
280000.0,469022.94
597000.0,961794.75
760000.0,726687.6
2050000.0,1686858.9
910000.0,943172.06
575000.0,482176.75
1285000.0,1065044.4
349000.0,443445.53
373500.0,476593.94
1230000.0,1210322.0
900000.0,926096.3
600000.0,677730.3
1150000.0,1092234.8
540000.0,701059.06
1275000.0,1244954.9
580000.0,570274.6
1905000.0,1976318.4
725000.0,739724.94
1005000.0,902618.56
652500.0,940464.56
3512500.0,2128089.0
1410000.0,1332409.2
1185000.0,1294715.6
1530000.0,1514213.9
630000.0,713533.3
750000.0,931570.44
635000.0,603530.3
715000.0,705473.44
960000.0,712923.56
800000.0,693960.2
1430000.0,1463787.9
605000.0,529663.2
640000.0,760295.06
825000.0,861319.25
650000.0,794165.94
503000.0,551149.4
1200000.0,1421172.1
1912000.0,2140053.5
1130000.0,1020109.56
612500.0,666274.4
792000.0,840082.2
580000.0,583304.5
691000.0,647097.1
1655000.0,1249270.9
836000.0,1071913.5
1102200.0,953850.0
722000.0,661193.0
706000.0,514451.06
590000.0,773307.1
845000.0,1597846.0
1550000.0,1744889.4
1310000.0,1106111.1
1782000.0,1360480.5
685000.0,625725.1
1042500.0,1229051.8
602000.0,568770.0
420000.0,399686.34
3695000.0,2727343.8
570000.0,681845.75
2160000.0,2430291.2
1120000.0,1432322.5
816000.0,628760.75
1100000.0,973698.0
650000.0,563708.4
1225000.0,1226696.8
825000.0,1195749.1
1260000.0,1235432.9
975000.0,1188501.1
870000.0,1212475.0
900000.0,1295363.9
565000.0,582036.06
1150000.0,1287553.2
470000.0,545040.9
935000.0,919168.75
3625000.0,2696597.8
720000.0,1176794.5
490000.0,409812.88
855000.0,1047318.4
457000.0,468255.84
740000.0,758954.56
950000.0,1262930.8
2760000.0,1520986.6
595000.0,652675.3
576000.0,658275.6
910000.0,1219141.8
1002500.0,801863.1
432000.0,440611.5
950000.0,833611.8
1020000.0,1030259.5
1225000.0,1231447.1
1425000.0,1684274.5
1115000.0,1477535.2
542500.0,588160.6
1250000.0,1207434.8
1601000.0,1859734.1
1295000.0,1074095.0
1064000.0,1096062.8
721000.0,812877.6
442000.0,622674.2
1640000.0,1910456.8
855000.0,1210552.0
420000.0,408899.56
728000.0,955259.8
1150000.0,1109760.5
2825000.0,2451100.0
305000.0,416922.1
890500.0,992059.6
1200000.0,1120823.6
650000.0,1075469.8
760000.0,705722.75
622000.0,581911.56
1468000.0,1591814.2
1695000.0,1529180.5
775500.0,792310.5
1250000.0,975334.25
910000.0,939083.8
671000.0,564732.4
1075000.0,603141.25
533000.0,679223.06
800000.0,928114.1
950000.0,969026.6
695000.0,779834.25
2155000.0,1873737.6
475000.0,680889.2
540000.0,514247.28
1550000.0,1527040.8
1751000.0,1776302.8
900000.0,1029918.1
650000.0,758735.0
1474000.0,1398131.9
500000.0,613093.9
735000.0,988693.6
240000.0,427188.56
905000.0,849607.94
1510000.0,1341492.4
865000.0,756929.06
470000.0,481913.8
646000.0,726214.2
925000.0,982681.44
600000.0,597480.5
280000.0,366157.22
391000.0,464505.12
825000.0,1094790.6
375000.0,493555.03
710000.0,669942.94
700500.0,707718.5
990000.0,987353.2
550000.0,479729.28
535000.0,687138.2
380000.0,778814.7
690000.0,801928.6
1110000.0,787959.5
568000.0,636074.6
780000.0,820947.4
750000.0,657672.75
1255000.0,1076149.9
928000.0,908351.3
1912500.0,2124027.8
1580000.0,1536570.5
722000.0,801025.75
1400000.0,1285582.9
2475000.0,1438675.5
950000.0,977823.3
2050000.0,1674277.2
1620000.0,1452404.6
1000000.0,926173.0
850000.0,615098.06
1375000.0,1298796.6
1320000.0,927379.44
650000.0,760854.4
526000.0,578044.8
1040000.0,1151502.6
740000.0,865711.8
1050000.0,987960.44
965000.0,1224366.2
2100000.0,2057157.6
470000.0,537594.4
700000.0,863146.5
1426000.0,1403589.6
587134.0,494211.84
640000.0,761588.94
1070000.0,1115532.8
805000.0,778651.1
1911000.0,2043539.2
725000.0,788776.6
460000.0,570489.25
390000.0,531349.56
1230000.0,2067013.0
573000.0,649049.9
822500.0,999904.5
850000.0,1026989.94
368000.0,384502.28
595000.0,585795.4
910000.0,1019236.4
2215000.0,2000611.6
328000.0,427884.25
881000.0,1246739.0
940000.0,1037697.75
1145000.0,1326871.9
670000.0,670244.94
1020000.0,857263.5
730000.0,697697.9
702000.0,610000.25
810000.0,868360.4
800000.0,775765.4
690000.0,1567115.9
685000.0,947282.4
1337000.0,1433208.9
636500.0,548017.8
510000.0,587354.25
593000.0,680334.0
1204000.0,1154945.2
1612000.0,1508177.2
680000.0,733100.1
985000.0,995324.1
457000.0,561381.94
732000.0,887173.06
1780000.0,1783787.8
1400000.0,1297140.5
875000.0,706873.2
1367000.0,1104908.9
700000.0,645790.7
1310000.0,1418219.9
710000.0,807894.56
707500.0,792933.44
860000.0,773747.8
945000.0,1108092.1
1900000.0,1104143.6
905000.0,899465.9
572000.0,781773.94
650000.0,784849.2
286000.0,401082.84
1005000.0,794225.0
835000.0,904597.6
380000.0,452255.06
610000.0,610329.9
645000.0,809700.9
415000.0,521125.03
585000.0,734746.0
762000.0,727280.7
1036500.0,1151967.1
490000.0,504409.28
1016000.0,650127.06
808000.0,841782.4
421000.0,469082.75
2200000.0,2422014.8
210000.0,379683.0
2500000.0,1869056.4
767000.0,814204.25
1155000.0,1021421.9
1518000.0,1250014.6
820000.0,1082421.8
2408000.0,2394174.5
1500000.0,1934719.0
820000.0,923270.06
660000.0,972402.8
1052000.0,1006659.7
1735000.0,1276851.1
565000.0,665921.75
1460000.0,1877416.5
470000.0,495592.8
630000.0,617444.7
732000.0,1134812.1
550000.0,884679.8
970000.0,1046065.9
900000.0,1053300.6
612000.0,748442.9
430000.0,634048.8
895000.0,432673.5
986000.0,1385609.2
2160000.0,1390414.8
1129000.0,1037645.3
2350000.0,2906267.8
1300000.0,1132949.9
1455000.0,1125669.2
900000.0,966839.7
785000.0,687114.56
721000.0,753027.56
1406000.0,936569.75
850000.0,1348512.4
535000.0,576512.1
1350000.0,1478590.9
1010000.0,902523.44
1060000.0,1451235.8
651000.0,948673.25
677000.0,700279.25
960000.0,799365.56
960000.0,799150.4
580000.0,609117.4
720000.0,637129.6
2300000.0,2120752.5
530000.0,598518.8
410000.0,447878.62
1270000.0,1353644.9
695000.0,837642.75
965000.0,995435.25
1610000.0,1432287.4
635000.0,830321.3
2475000.0,2185203.0
1263500.0,1240684.2
1025000.0,1207307.0
850000.0,860809.75
547500.0,600255.06
1817000.0,1703062.0
450000.0,405899.88
825000.0,868425.1
1162000.0,1697188.9
1420000.0,1662317.2
2830000.0,2222148.2
895000.0,924306.06
717000.0,574293.56
623000.0,620758.6
800000.0,891694.6
1679000.0,1319748.4
675000.0,783439.5
2395000.0,2090406.1
620000.0,558183.1
375000.0,449839.66
875000.0,893104.2
2640000.0,2404280.0
1000000.0,904641.25
800000.0,768762.94
645400.0,828907.94
1100000.0,976146.56
920000.0,964498.0
810000.0,912237.3
1311000.0,1509749.6
770000.0,1168281.8
1770000.0,1787050.8
755000.0,730868.0
3020000.0,2590795.0
1900000.0,2143495.5
1456000.0,1521489.8
425000.0,430529.8
1110000.0,1309465.4
2400000.0,2315655.5
1441000.0,1465762.0
1600000.0,2068362.0
370000.0,408964.72
620000.0,778275.75
975000.0,984859.56
1370000.0,1468699.2
1210000.0,1587015.5
566000.0,589658.0
860000.0,1099421.2
650000.0,1172507.1
2040000.0,2186319.8
845000.0,996271.25
1205000.0,1353765.8
960000.0,1200033.9
2700000.0,1748331.8
1000000.0,1160092.4
575000.0,612612.5
635000.0,786473.7
729000.0,676856.6
580000.0,736758.6
1100000.0,1152403.4
1297000.0,1515074.1
880000.0,1197752.4
650000.0,658471.94
1705000.0,1485768.0
1485000.0,1209474.9
1775000.0,2109992.0
800000.0,765882.75
1936000.0,2032425.2
1050000.0,821039.6
1626000.0,1349529.1
410000.0,504942.97
2200000.0,1288350.2
1450000.0,1069716.2
878500.0,1082760.1
750000.0,842162.44
1250000.0,1419055.5
1500000.0,1178562.2
1030000.0,1007519.6
540000.0,469231.84
617500.0,751801.94
1250000.0,1520278.8
790000.0,1157173.5
1045000.0,955328.25
1805000.0,1125357.9
497000.0,591365.5
474000.0,527561.5
810000.0,694520.25
670000.0,982718.2
665000.0,865819.2
3105000.0,2639648.2
2001000.0,2174323.0
2600000.0,1777484.2
721500.0,756565.4
780000.0,960382.75
400000.0,388617.4
1530000.0,1845670.5
582000.0,770818.1
450000.0,502474.25
1550000.0,2068017.6
1235000.0,1355043.0
2330000.0,2044853.6
1890000.0,1781525.2
540000.0,550266.44
950000.0,1055902.1
1118000.0,1158120.0
2042000.0,1607219.8
704500.0,926881.75
950000.0,935218.7
535000.0,609079.3
511000.0,592247.0
650000.0,592887.2
830000.0,739690.06
442500.0,560773.0
750000.0,716603.44
1765000.0,2015075.6
1350000.0,1733831.1
440000.0,393879.8
600000.0,726350.0
1301000.0,1304270.1
870000.0,861509.9
855000.0,1051985.6
681000.0,425046.47
790000.0,797666.75
500000.0,557751.25
580000.0,626848.4
3550000.0,3206114.0
880000.0,1341399.9
1963000.0,1543488.8
245000.0,361093.4
570000.0,807021.6
350000.0,491921.5
810000.0,1002143.44
1010000.0,976794.56
735000.0,852030.94
740000.0,631479.56
730000.0,625566.75
1005000.0,1043592.94
840000.0,949464.94
1004000.0,965086.7
2525000.0,2383450.5
1751000.0,1667512.4
385000.0,493641.22
1825000.0,2256797.2
920000.0,992142.9
690000.0,721465.5
709000.0,788423.3
1001000.0,942548.4
455000.0,586465.56
1200000.0,1482379.1
1300000.0,1415550.0
850000.0,864365.25
1966000.0,1962916.8
435000.0,411172.78
310000.0,426941.75
645000.0,472454.72
1840000.0,1503562.2
633000.0,1043454.44
1615000.0,1678247.8
522500.0,655355.25
910000.0,781677.94
1950000.0,1894856.6
405000.0,539657.3
900000.0,1372826.6
1090000.0,1337028.5
1150000.0,944227.75
1290000.0,1099757.6
655000.0,754578.75
995000.0,899293.75
1337500.0,927658.9
550000.0,695935.3
3500000.0,3119180.5
1610000.0,1839936.8
730000.0,690634.44
1950000.0,1782464.4
1860000.0,1100012.0
981000.0,887412.44
2555000.0,1647976.5
390000.0,548684.44
310000.0,348107.38
1350000.0,1056388.2
765000.0,820016.25
300000.0,433201.3
770000.0,782289.5
956000.0,1031661.5
995000.0,760286.06
2640000.0,1761822.1
902000.0,889038.1
650000.0,860462.8
1060000.0,1055432.1
700000.0,775825.44
1388800.0,1803331.6
965000.0,1057674.9
860000.0,977195.3
447000.0,734224.3
750000.0,622357.75
550000.0,705053.94
441000.0,473926.75
615000.0,1283371.2
1500000.0,1526702.5
1102000.0,1427465.8
2200000.0,1960768.4
880000.0,1014199.7
623000.0,736931.9
1460000.0,1176781.1
550000.0,699386.56
2415000.0,1999411.4
1575000.0,1267106.0
620000.0,907322.25
1095000.0,884628.56
875000.0,1125562.5
875000.0,969869.0
1515000.0,1413888.9
1625000.0,1325264.5
1726000.0,1260320.1
409000.0,468513.28
1470000.0,1495830.8
1780000.0,1727771.8
729000.0,645069.5
760000.0,776924.1
1194000.0,1058310.9
1412000.0,1457593.6
550000.0,523521.7
2412000.0,1920636.8
1080000.0,968175.2
1385000.0,1314658.8
795000.0,821839.2
510000.0,486927.9
495000.0,601534.3
1580000.0,1200562.8
1005000.0,1267716.4
1540000.0,1354152.6
2800000.0,2244268.2
990000.0,1179213.8
1682000.0,1674879.9
1950000.0,2027494.8
802000.0,968848.56
725000.0,648066.1
725000.0,726565.75
1017500.0,1232987.9
800000.0,701329.3
400000.0,401625.2
1285000.0,1117643.6
1237000.0,943745.56
1362000.0,1361351.1
725000.0,676734.25
620000.0,556810.8
1300000.0,1455259.9
1115000.0,1287144.5
560000.0,603192.8
452000.0,538453.56
2000000.0,1646261.5
926000.0,1194510.5
805000.0,997613.3
1340000.0,1464539.8
601200.0,705165.4
970000.0,1001978.06
760000.0,629989.8
1018000.0,908128.8
770000.0,981313.4
1030000.0,1500205.2
855000.0,1345818.9
700000.0,703054.25
1053000.0,888457.5
756000.0,1230518.8
500000.0,633350.2
2100000.0,1584338.9
1680000.0,1607484.5
1860000.0,1450475.9
613000.0,670141.4
375000.0,377443.0
370000.0,383928.84
582000.0,620845.4
1105000.0,1056095.6
1870000.0,1516810.5
375000.0,528380.44
1481000.0,1262211.6
1050000.0,973131.44
401000.0,538769.44
370000.0,469120.72
850000.0,692788.8
650000.0,943903.9
436000.0,534183.75
1590000.0,1835298.9
1210000.0,1340237.4
485000.0,552028.25
650000.0,485155.03
1940000.0,1887166.9
644000.0,734022.1
630000.0,707649.7
632000.0,775771.75
1330000.0,1133012.4
2265000.0,1886062.2
1030000.0,1034044.44
726000.0,853229.3
812500.0,729278.75
365000.0,420719.75
950000.0,1123289.5
1500000.0,1288504.4
1306000.0,1294852.4
1138000.0,1196041.8
1970000.0,1567389.9
1500000.0,2179672.0
520000.0,567369.06
975500.0,933348.06
292000.0,447365.03
590000.0,598867.75
858000.0,986742.4
855000.0,755456.1
1080000.0,1043967.6
773000.0,618949.25
1190000.0,1339148.8
1750000.0,1267779.1
1450000.0,1529576.4
810000.0,781733.0
708000.0,806856.25
855000.0,1219737.8
2140000.0,1737959.1
475000.0,600771.44
560000.0,564088.56
730000.0,680158.5
470000.0,433982.12
550000.0,749886.06
990000.0,1277259.2
883000.0,968684.3
1975000.0,1858555.0
1460000.0,1641050.9
780000.0,660925.7
500000.0,593789.7
1341500.0,1286217.2
820000.0,849844.0
525500.0,557484.75
553500.0,631757.1
1405000.0,889962.0
875000.0,958853.2
3000000.0,2391858.0
1200000.0,1248922.9
540000.0,677968.1
595000.0,584295.6
632000.0,627161.6
652000.0,643429.06
749000.0,691898.94
2300000.0,2372991.5
380000.0,606419.8
731000.0,811259.3
648000.0,556854.0
507000.0,566008.4
515000.0,979219.94
490000.0,941924.25
900000.0,1062553.0
460000.0,535525.1
440000.0,543113.4
671000.0,516398.7
1350000.0,1679316.5
700000.0,747832.7
985000.0,1030479.7
736000.0,774248.4
1220000.0,1046497.75
1550000.0,1418461.5
1350000.0,1484700.0
510000.0,573172.6
1115000.0,1397070.9
880000.0,774716.1
550000.0,698308.06
863000.0,819603.4
420000.0,574745.25
657500.0,672105.25
950000.0,1082634.0
640000.0,578415.25
1965000.0,2541623.0
510000.0,720419.94
1100000.0,986887.3
230000.0,414973.3
1400000.0,1083607.8
1620000.0,1447595.5
750000.0,842065.2
1500000.0,1233300.0
575000.0,780574.8
6400000.0,2754147.5
676000.0,665064.0
440000.0,436219.78
1150000.0,1361048.8
1010000.0,954060.06
980000.0,1117212.6
2600000.0,2296347.8
2600000.0,2031431.1
750000.0,1003424.06
1325000.0,1226974.6
1050000.0,1501042.8
1150000.0,1209106.6
1800000.0,1676833.0
263100.0,420516.38
1635000.0,1307008.2
530000.0,520904.06
710000.0,630766.4
650000.0,713914.2
510000.0,624661.3
1741000.0,1775468.0
1255000.0,1574102.5
601000.0,643180.9
336000.0,422553.72
707000.0,489674.06
782500.0,962638.5
2800000.0,2441693.0
830000.0,750083.6
2325000.0,2274320.0
1400000.0,1912614.6
1250000.0,1003993.06
1935000.0,784791.2
670000.0,783319.6
677500.0,662855.7
1260000.0,1220495.6
650000.0,898569.56
1336000.0,1529656.9
785000.0,906541.1
1800000.0,1930845.5
1150000.0,1246198.0
925000.0,926450.06
1410000.0,1459197.1
2400000.0,1953067.8
600000.0,727860.4
552000.0,589034.0
557000.0,589367.5
950000.0,1140392.9
570000.0,733451.5
783000.0,677592.7
260000.0,394571.56
1820000.0,1684328.8
2225000.0,2136162.5
998000.0,802200.2
2550000.0,1973465.0
806000.0,526659.2
643000.0,737376.7
903000.0,755877.8
702000.0,621215.8
910000.0,961639.94
760000.0,1038551.44
695000.0,751744.25
1201000.0,1196617.8
542500.0,687538.44
645000.0,642941.8
730000.0,785902.2
715500.0,678449.7
1661000.0,1291811.0
1900000.0,2099166.2
1300000.0,1325078.8
725000.0,750669.4
1615000.0,1063635.0
816000.0,821511.94
1800000.0,1333775.1
730000.0,687976.25
3050000.0,2610838.2
1131000.0,1083954.2
617000.0,678866.44
1555000.0,1694548.4
1200000.0,943363.7
477000.0,512399.28
1305000.0,1379388.0
820000.0,1031771.4
442000.0,484637.56
959000.0,1238012.0
1500000.0,1543992.5
650000.0,682655.75
350000.0,558608.44
833000.0,1012363.06
1250500.0,1029116.75
716000.0,617790.6
1300000.0,1147488.5
520000.0,678727.9
1230000.0,1055616.1
500000.0,513284.34
330000.0,449439.5
510000.0,741858.5
475000.0,564096.44
690000.0,592687.3
970000.0,1017122.6
1555000.0,1410224.0
2050000.0,2370327.2
1700000.0,908724.25
2840000.0,2312907.2
695000.0,724262.4
810000.0,692757.3
2160000.0,2136241.8
664000.0,733031.25
2500000.0,2106633.5
1085000.0,849689.1
452000.0,458344.06
962000.0,879823.5
667000.0,624792.1
686000.0,545420.8
1238000.0,1472838.8
940000.0,968590.2
1460000.0,1102119.9
420000.0,646697.25
725000.0,788238.25
970000.0,1290859.4
1843000.0,1065820.2
600000.0,652776.0
815000.0,819493.0
815000.0,1131351.8
3550000.0,3145254.2
675000.0,575222.8
1480000.0,2026912.8
1860000.0,1681823.1
931999.0,986397.7
591500.0,595971.1
990000.0,1017824.6
700000.0,561556.8
490000.0,553295.56
1390000.0,1400172.8
1509000.0,1378390.9
275000.0,358490.22
760000.0,831043.7
730000.0,866137.56
632000.0,667783.5
905000.0,859110.06
650000.0,786803.0
670000.0,693597.06
422500.0,427050.5
825000.0,921639.56
802500.0,887696.75
1285000.0,909646.75
714000.0,814007.8
2415000.0,2192912.2
720000.0,664622.7
816000.0,922828.25
840000.0,950794.2
607000.0,839215.9
395000.0,459278.78
630000.0,698695.94
1005000.0,1120375.4
500000.0,814778.56
480000.0,594114.06
439000.0,444212.72
738000.0,737298.5
296000.0,332443.97
720000.0,701337.06
1015000.0,1372306.1
285000.0,403990.06
1260000.0,1241631.8
1200000.0,1259581.4
670000.0,783465.8
752500.0,717273.2
455000.0,613351.3
620000.0,858094.56
2118000.0,1967788.5
880000.0,869116.2
1225000.0,1400191.6
550000.0,552068.25
557500.0,615907.94
1205000.0,1305467.6
1750000.0,2138030.5
1085000.0,1032840.1
1800000.0,1573604.6
580000.0,629261.5
922000.0,1095982.9
1200000.0,1096887.4
785000.0,854470.6
710000.0,1398319.8
655000.0,732544.6
1586000.0,1474089.0
820000.0,1038804.6
786000.0,649210.1
917000.0,1172031.2
545000.0,554768.3
631000.0,733038.8
455000.0,483625.88
1251000.0,1593348.1
605000.0,603692.25
756000.0,745301.1
1102500.0,928474.2
620000.0,546258.75
445000.0,655800.8
500000.0,596875.4
680000.0,641900.9
800000.0,827894.3
1202000.0,955442.3
1210000.0,879029.9
2567500.0,1987770.5
420000.0,474157.25
710000.0,758066.75
1070500.0,1533694.0
825000.0,959399.9
980000.0,909602.5
1600000.0,1406401.5
590000.0,599130.44
210000.0,373299.44
931000.0,747307.5
815000.0,703166.2
1265000.0,1091158.4
1367000.0,1051897.8
2500000.0,1680714.6
3250000.0,2397710.8
2200000.0,2503048.8
2355000.0,1713181.4
950000.0,1174973.1
454000.0,498421.38
1120000.0,825032.7
603000.0,634484.3
1000000.0,1079398.5
370000.0,393378.38
790500.0,739805.3
1774500.0,1980524.6
800000.0,1079054.4
1380000.0,1482713.2
1430000.0,1373469.5
1950000.0,2293251.0
1500000.0,1714614.1
1730000.0,1307782.1
2400000.0,2054929.0
862000.0,1001365.44
485000.0,638549.6
546000.0,618392.2
850000.0,1382000.4
2070000.0,1697712.6
381000.0,451201.03
1100000.0,1524421.9
1300000.0,1458384.2
1456000.0,1685826.8
1310000.0,1627678.2
705000.0,701972.25
1226000.0,1473976.0
1656000.0,1534407.6
1015000.0,1033344.9
1016000.0,769958.56
571000.0,768665.06
631000.0,640831.6
1690000.0,1975623.8
925000.0,941740.06
295000.0,499551.2
1321000.0,1271481.5
1157000.0,1146675.8
850000.0,899294.8
2400000.0,2422630.0
563000.0,683864.0
1635000.0,1923092.2
1015000.0,964737.5
1125000.0,1282016.6
650000.0,745362.7
520000.0,678939.4
780000.0,643891.9
430000.0,474181.6
1100000.0,959009.9
1630000.0,1377714.1
340000.0,410728.44
1280000.0,1376619.0
1160000.0,1243391.6
480000.0,434933.72
1100000.0,817375.1
909000.0,788040.2
1450000.0,2009297.8
1310000.0,1511545.9
1237000.0,989097.0
620000.0,609879.1
736000.0,808621.75
680000.0,610989.94
526000.0,542079.3
1800000.0,1663405.2
1600000.0,2373145.0
327000.0,555324.2
872500.0,949639.3
1290000.0,1049593.8
1200000.0,1281070.2
770000.0,822969.3
632500.0,603163.7
990000.0,1049438.2
682000.0,1045459.2
1500000.0,1584429.0
525500.0,650957.6
1740000.0,1524623.8
540000.0,636949.06
845000.0,917399.44
778000.0,859762.3
380000.0,469421.75
425000.0,465066.6
1725000.0,1789941.1
585000.0,675099.44
1188000.0,1144199.6
520000.0,574026.94
725000.0,977567.8
599999.0,590080.9
680000.0,798862.7
1710000.0,1845502.2
1582000.0,1273000.2
390000.0,601451.9
551000.0,659081.7
751000.0,758482.5
1450000.0,1327013.4
546000.0,604175.4
935000.0,1012887.44
1400000.0,1957614.2
840000.0,925167.0
1960000.0,1592280.0
826000.0,653427.3
742000.0,1124459.9
1500000.0,1014449.1
1601000.0,1321717.5
891000.0,1145454.9
512000.0,537533.2
635000.0,816385.94
522000.0,620477.25
1380000.0,1603619.5
1800000.0,1668609.1
1800000.0,2073136.5
1500000.0,1508559.8
602500.0,739410.94
519500.0,703500.06
670000.0,697823.9
2275000.0,2371703.5
850000.0,873731.7
1234000.0,1065336.4
653000.0,649465.4
801000.0,849353.06
600000.0,616328.4
500000.0,568567.0
840000.0,1340024.6
3900000.0,2326937.0
1840000.0,1558232.4
422000.0,437957.2
980000.0,1185518.6
677776.0,623586.0
330000.0,478282.44
1264000.0,1108494.5
642500.0,711992.9
1520000.0,926989.75
701000.0,668800.7
390000.0,425142.9
2200000.0,1861707.0
1150000.0,911328.25
1400000.0,1336866.0
582000.0,614199.56
1465000.0,1092515.5
958000.0,1069564.1
650000.0,898708.3
1780000.0,1673532.8
518500.0,539660.6
1060000.0,1026934.06
1686500.0,1689376.4
620000.0,627829.8
1054000.0,756564.2
1355000.0,1268347.5
1015000.0,930048.9
475000.0,471321.9
1100000.0,1626914.0
665000.0,1080044.5
780000.0,859899.3
1700000.0,1526249.1
775000.0,722355.1
380000.0,452654.22
980000.0,947874.75
1060000.0,1085765.1
1270000.0,1165825.5
600000.0,788874.0
813000.0,998013.56
250000.0,385094.25
1620000.0,1509583.6
1200000.0,962596.6
1830000.0,2228107.0
600000.0,521598.72
875000.0,814270.06
1365000.0,1359096.8
1518000.0,1802510.0
1170000.0,1158215.0
1040000.0,941747.5
1210000.0,1244156.2
1300000.0,1795846.4
1290000.0,1405947.5
942000.0,1263552.2
1800000.0,1409694.2
1635000.0,1400237.8
878000.0,928888.9
1337000.0,1345074.1
1700000.0,1367671.2
820000.0,833207.5
975000.0,1063858.0
2625000.0,2662538.2
575000.0,745916.4
926000.0,1334897.9
1790000.0,1235583.0
620000.0,735168.3
1620000.0,1294069.5
515000.0,562781.75
1190000.0,1182385.8
375000.0,565177.4
492000.0,536985.75
1550000.0,2085393.6
555000.0,811796.2
3050000.0,2324482.2
700000.0,1594105.8
1850000.0,1284258.9
1300000.0,1012685.2
916000.0,884687.25
780000.0,742968.1
1240000.0,1096197.9
3625000.0,866595.94
530000.0,537282.56
395000.0,434396.62
1000000.0,1148500.1
400000.0,457460.53
421500.0,400757.22
2105000.0,2317627.2
855000.0,1152243.6
1150000.0,1145672.0
1040000.0,1467054.4
632000.0,499083.62
2100000.0,1646858.8
880000.0,946162.2
3860000.0,3113254.2
830000.0,882798.9
1680000.0,1512273.0
640000.0,623765.44
990000.0,894307.2
1470000.0,1558469.2
665000.0,692229.7
930000.0,900967.75
884000.0,999152.4
941000.0,939999.44
1250000.0,822889.94
1630000.0,1440621.6
1020000.0,1055443.2
687000.0,663105.75
410000.0,422269.4
960000.0,942531.4
1300000.0,1568993.4
710000.0,931407.5
1100000.0,1195391.5
2200000.0,2041802.0
880000.0,1636311.4
350000.0,477218.94
700000.0,724216.25
1020000.0,964670.06
643000.0,701905.3
690000.0,675577.5
1310000.0,1550417.8
400000.0,476438.66
5510000.0,2927493.5
900000.0,727324.94
2920000.0,2461949.2
725000.0,831685.9
735000.0,672585.0
780000.0,1124256.2
602000.0,591992.8
475000.0,600023.7
1385000.0,1574213.2
820000.0,893816.9
754000.0,720598.75
260800.0,465974.44
1030000.0,1082370.5
1485000.0,1516190.2
1950000.0,1068228.5
1975000.0,1867916.6
455500.0,456399.22
1785000.0,1659402.0
1980000.0,1276739.4
390000.0,473644.44
2690000.0,2310898.2
455000.0,545621.0
400000.0,549070.8
1320000.0,1387738.0
635000.0,772598.75
1410000.0,1611203.9
1200000.0,1077464.9
859000.0,961309.2
570000.0,595968.6
1135000.0,1231232.2
3400000.0,2461699.8
525000.0,704285.5
1605000.0,1932120.8
710000.0,743522.6
696000.0,769335.4
455000.0,611583.94
1320000.0,1146838.0
1112000.0,1081246.5
383000.0,361978.06
330000.0,414663.84
406000.0,511737.3
1060000.0,952900.56
338000.0,458208.34
798000.0,766857.8
645000.0,606423.75
830000.0,794546.06
550000.0,525045.5
800000.0,1052646.0
525000.0,560959.8
2730000.0,3058421.5
1230000.0,1082639.2
800000.0,812567.1
955000.0,977824.6
760000.0,624076.25
730000.0,729559.44
2110000.0,2395522.5
1316000.0,1627006.4
2355000.0,1945154.9
590000.0,777548.1
1150000.0,1473988.4
1020000.0,1049089.2
500000.0,648186.56
510000.0,695754.06
692000.0,512787.38
1085000.0,923506.1
220000.0,328720.4
575000.0,580174.06
1211000.0,1066815.1
2835000.0,2511596.8
880000.0,1200152.5
460000.0,608644.1
1930000.0,1497035.2
1175000.0,1090515.2
605000.0,775649.6
2370000.0,2033514.5
1200000.0,1291661.2
1950000.0,1771315.5
750000.0,566906.75
590000.0,491677.06
1265000.0,952257.2
3900000.0,1991319.0
425000.0,634842.44
837000.0,951283.4
581000.0,608000.7
925000.0,741541.2
1180000.0,1109517.6
2305000.0,1562745.6
2025000.0,1797730.5
1525000.0,1553115.0
1100000.0,714196.06
830000.0,1147660.0
1060000.0,1473515.8
350000.0,371305.4
250000.0,329087.0
982000.0,1171239.4
740000.0,674076.8
1462000.0,806696.0
1750000.0,1943061.9
760000.0,957396.2
465000.0,602403.3
856500.0,583440.3
615888.0,679909.2
1200000.0,1465459.2
1384000.0,1682662.0
635000.0,702110.7
680000.0,1173420.5
830000.0,877366.6
1755000.0,1499627.2
460000.0,613766.0
950000.0,1363736.5
800000.0,1110631.8
1920000.0,1373713.6
496000.0,806765.0
750000.0,637677.8
780000.0,878549.2
2225000.0,1454133.5
755000.0,638486.75
580000.0,744372.0
915000.0,1118007.1
558000.0,713926.8
1800000.0,1982779.4
952000.0,990893.0
633500.0,864722.6
721000.0,759598.6
1050000.0,874607.94
515000.0,737040.75
1321000.0,973214.3
512000.0,602906.5
790000.0,1026987.8
2100000.0,1333354.5
676000.0,661675.8
1325000.0,1527890.4
750000.0,969591.75
572000.0,793809.0
2345000.0,2370524.2
810000.0,942900.5
1220500.0,923710.9
692000.0,583372.25
940000.0,1270675.8
595999.0,778031.56
685000.0,749950.0
3650000.0,2302679.0
795000.0,684262.0
690000.0,1004330.9
490000.0,556527.56
1620000.0,1671759.4
1482000.0,1225043.1
850000.0,1063815.0
950000.0,1243048.6
1400000.0,1497486.9
1060000.0,1068551.2
1590000.0,1181771.9
960000.0,1124323.5
752000.0,1041166.8
700000.0,897755.9
500000.0,620357.94
2255000.0,1725601.1
1680000.0,1500745.8
990000.0,789080.44
1410000.0,1165233.2
580000.0,709629.7
400000.0,573510.94
1297000.0,1454810.1
860000.0,929865.75
990000.0,1149856.9
1436000.0,1781021.9
1096000.0,1084308.4
1200000.0,1106586.9
756000.0,675862.4
660000.0,622287.44
730000.0,959123.94
590000.0,673522.4
2520000.0,1984350.1
615000.0,523828.88
1268000.0,1488631.4
950000.0,1012449.2
542000.0,650212.5
1190000.0,1099518.8
805000.0,812119.3
1625000.0,1581018.6
1111000.0,1125854.6
555000.0,523791.56
2200000.0,1608344.8
358500.0,552139.56
1095000.0,1213476.0
485000.0,478873.97
706000.0,888989.94
1450000.0,1784399.8
555000.0,491602.12
1445000.0,1513496.5
740000.0,595713.44
645000.0,645480.7
305000.0,393432.06
1412000.0,1381011.5
1230000.0,1275667.0
1270000.0,1402997.4
1000000.0,1230768.0
